{"cameraMode":{"drawMode":0,"name":"Shaded","section":"Shading Mode"},"sceneLighting":true,"audioPlay":false,"sceneViewState":{"m_AlwaysRefresh":false,"showFog":true,"showSkybox":true,"showFlares":true,"showImageEffects":true,"showParticleSystems":true,"showVisualEffectGraphs":true,"m_FxEnabled":true},"in2DMode":false,"pivot":{"x":-8.264516830444336,"y":-0.0016406774520874024,"z":-1.1790142059326172},"rotation":{"x":-0.24672092497348786,"y":-0.17986388504505158,"z":0.046659089624881747,"w":-0.9511095881462097},"size":3.6905174255371095,"orthographic":false}